[
    {
        "text": "¡Acabo de publicar mi primer post!",
        "posted_by": "john_doe"
    },
    {
        "text": "Hoy es un gran día.",
        "posted_by": "jane_smith"
    },
    {
        "text": "Compartiendo algunas fotos del fin de semana.",
        "posted_by": "michael_adams"
    },
    {
        "text": "Feliz de estar aquí.",
        "posted_by": "sarah_wilson"
    },
    {
        "text": "¡Hola a todos!",
        "posted_by": "chris_jackson"
    },
     {
        "text": "Disfrutando de un día soleado.",
        "posted_by": "lisa_thompson"
    },
    {
        "text": "¡Qué gran concierto anoche!",
        "posted_by": "kevin_miller"
    },
    {
        "text": "Reflexionando sobre el último libro que leí.",
        "posted_by": "emily_jones"
    },
    {
        "text": "Nuevas metas para esta semana.",
        "posted_by": "alex_brown"
    },
    {
        "text": "Una tarde relajada en casa.",
        "posted_by": "michael_adams"
    },
    {
        "text": "Descubriendo nuevos lugares para comer en la ciudad.",
        "posted_by": "sarah_wilson"
    },
    {
        "text": "Compartiendo algunas fotos del viaje reciente.",
        "posted_by": "jane_smith"
    },
    {
        "text": "Reflexiones sobre el estado actual del mundo.",
        "posted_by": "chris_jackson"
    },
    {
        "text": "Una tarde productiva de trabajo.",
        "posted_by": "lisa_thompson"
    }
]
